/*
 Navicat Premium Data Transfer

 Source Server         : 本地连接
 Source Server Type    : MySQL
 Source Server Version : 80019
 Source Host           : localhost
 Source Database       : record_account

 Target Server Type    : MySQL
 Target Server Version : 80019
 File Encoding         : utf-8

 Date: 10/23/2021 12:10:35 PM
*/

SET NAMES utf8mb4;
SET FOREIGN_KEY_CHECKS = 0;

-- ----------------------------
--  Table structure for `classify`
-- ----------------------------
DROP TABLE IF EXISTS `classify`;
CREATE TABLE `classify` (
  `classify_id` int NOT NULL AUTO_INCREMENT COMMENT '分类id',
  `classify_name` varchar(20) DEFAULT NULL COMMENT '分类名称',
  `type` varchar(1) DEFAULT NULL COMMENT '支付类型 (0-支出，1-收入)',
  `add_type` varchar(1) DEFAULT NULL COMMENT '分类类型 (0-预设，1-用户新增)',
  `icon_id` int DEFAULT NULL COMMENT '图标ID',
  `user_id` int DEFAULT NULL COMMENT '用户ID',
  `updat_time` timestamp NULL DEFAULT NULL COMMENT '更新时间',
  PRIMARY KEY (`classify_id`)
) ENGINE=InnoDB AUTO_INCREMENT=241 DEFAULT CHARSET=utf8;

-- ----------------------------
--  Records of `classify`
-- ----------------------------
BEGIN;
INSERT INTO `classify` VALUES ('1', '餐饮', '0', '0', '1', null, '2021-01-20 16:10:22'), ('2', '零食烟酒', '0', '0', '2', null, '2021-01-20 16:10:22'), ('3', '购物', '0', '0', '3', null, '2021-01-20 16:10:22'), ('4', '住房', '0', '0', '4', null, '2021-01-20 16:10:22'), ('5', '交通', '0', '0', '5', null, '2021-01-20 16:10:22'), ('6', '娱乐', '0', '0', '6', null, '2021-01-20 16:10:22'), ('7', '文教', '0', '0', '7', null, '2021-01-20 16:10:22'), ('8', '汽车', '0', '0', '8', null, '2021-01-20 16:10:22'), ('9', '通讯', '0', '0', '9', null, '2021-01-20 16:10:22'), ('10', '育儿', '0', '0', '10', null, '2021-01-20 16:10:22'), ('11', '人情', '0', '0', '11', null, '2021-01-20 16:10:22'), ('12', '医疗', '0', '0', '12', null, '2021-01-20 16:10:22'), ('13', '旅行', '0', '0', '13', null, '2021-01-20 16:10:22'), ('14', '投资', '0', '0', '14', null, '2021-01-20 16:10:22'), ('15', '投资亏损', '0', '0', '15', null, '2021-01-20 16:10:22'), ('16', '借出', '0', '0', '16', null, '2021-01-20 16:10:22'), ('17', '还债', '0', '0', '17', null, '2021-01-20 16:10:22'), ('18', '利息支出', '0', '0', '18', null, '2021-01-20 16:10:22'), ('19', '其它', '0', '0', '19', null, '2021-01-20 16:10:22'), ('20', '设置', '0', '0', '20', null, '2021-01-20 16:10:22'), ('21', '薪资', '1', '0', '21', null, '2021-01-20 16:14:58'), ('22', '奖金', '1', '0', '22', null, '2021-01-20 16:14:58'), ('23', '借入', '1', '0', '23', null, '2021-01-20 16:14:58'), ('24', '收债', '1', '0', '24', null, '2021-01-20 16:14:58'), ('25', '利息收入', '1', '0', '25', null, '2021-01-20 16:14:58'), ('26', '投资回收', '1', '0', '26', null, '2021-01-20 16:14:58'), ('27', '投资收益', '1', '0', '27', null, '2021-01-20 16:14:58'), ('28', '报销收入', '1', '0', '28', null, '2021-01-20 16:14:58'), ('29', '退款', '1', '0', '29', null, '2021-01-20 16:14:58'), ('30', '意外所得', '1', '0', '30', null, '2021-01-20 16:14:58'), ('31', '其他收入', '1', '0', '31', null, '2021-01-20 16:14:58'), ('32', '设置', '1', '0', '32', null, '2021-01-20 16:14:58');
COMMIT;

-- ----------------------------
--  Table structure for `classify_user`
-- ----------------------------
DROP TABLE IF EXISTS `classify_user`;
CREATE TABLE `classify_user` (
  `classify_user_id` int NOT NULL AUTO_INCREMENT COMMENT 'id',
  `user_id` int DEFAULT NULL COMMENT '用户ID',
  `income_classify_ids` varchar(255) DEFAULT NULL COMMENT '收入分类ID集合  1,2,3,4,5,6...',
  `expense_classify_ids` varchar(255) DEFAULT NULL COMMENT '收入分类ID集合  1,2,3,4,5,6...',
  `update_time` datetime DEFAULT NULL COMMENT '更新时间',
  PRIMARY KEY (`classify_user_id`)
) ENGINE=InnoDB AUTO_INCREMENT=2 DEFAULT CHARSET=utf8mb4 COLLATE=utf8mb4_0900_ai_ci;

-- ----------------------------
--  Records of `classify_user`
-- ----------------------------
BEGIN;
INSERT INTO `classify_user` VALUES ('1', '45', '21,22,23,24,25,26,27,28,29,30,31,32', '1,2,3,4,5,6,7,8,9,10,11,12,13,14,15,16,17,18,19,20', '2021-03-17 12:58:01');
COMMIT;

-- ----------------------------
--  Table structure for `icon`
-- ----------------------------
DROP TABLE IF EXISTS `icon`;
CREATE TABLE `icon` (
  `icon_id` int NOT NULL AUTO_INCREMENT COMMENT '图标ID',
  `icon_name` varchar(20) DEFAULT NULL COMMENT '图标名称',
  `update_time` timestamp NULL DEFAULT NULL COMMENT '更新时间',
  PRIMARY KEY (`icon_id`)
) ENGINE=InnoDB AUTO_INCREMENT=55 DEFAULT CHARSET=utf8;

-- ----------------------------
--  Records of `icon`
-- ----------------------------
BEGIN;
INSERT INTO `icon` VALUES ('1', 'canyin', '2021-03-15 15:52:43'), ('2', 'yanjiulingshi', '2021-03-15 15:52:44'), ('3', 'gouwu', '2021-03-15 15:47:47'), ('4', 'zhufang', '2021-03-15 15:47:47'), ('5', 'jiaotong', '2021-03-15 15:47:47'), ('6', 'yule', '2021-03-15 15:47:47'), ('7', 'wenjiao', '2021-03-15 15:47:47'), ('8', 'qiche', '2021-03-15 15:47:47'), ('9', 'tongxun', '2021-03-15 15:47:47'), ('10', 'yuer', '2021-03-15 15:47:47'), ('11', 'renqing', '2021-03-15 15:47:47'), ('12', 'yiliao', '2021-03-15 15:47:47'), ('13', 'lvxing', '2021-03-15 15:47:47'), ('14', 'touzi', '2021-03-15 15:47:47'), ('15', 'touzikuisun', '2021-03-15 15:47:47'), ('16', 'jiechu', '2021-03-15 15:47:47'), ('17', 'huanzhai', '2021-03-15 15:47:47'), ('18', 'lixizhichu', '2021-03-15 15:47:47'), ('19', 'qita', '2021-03-16 16:22:28'), ('20', 'shezhi-zhichu', '2021-03-16 16:22:28'), ('21', 'xinzi', '2021-03-16 16:22:28'), ('22', 'jiangjin', '2021-03-16 16:22:28'), ('23', 'jieru', '2021-03-16 16:22:28'), ('24', 'shouzhai', '2021-03-16 16:22:28'), ('25', 'lixishouru', '2021-03-16 16:22:28'), ('26', 'touzihuishou', '2021-03-16 16:22:28'), ('27', 'touzishouyi', '2021-03-16 16:22:28'), ('28', 'baoxiaoshouru', '2021-03-16 16:22:28'), ('29', 'tuikuan', '2021-03-16 16:22:28'), ('30', 'yiwaisuode', '2021-03-16 16:22:28'), ('31', 'qitashouru', '2021-03-16 16:22:28'), ('32', 'shezhi-zhichu', '2021-03-16 16:22:28');
COMMIT;

-- ----------------------------
--  Table structure for `record_account`
-- ----------------------------
DROP TABLE IF EXISTS `record_account`;
CREATE TABLE `record_account` (
  `record_account_id` int NOT NULL AUTO_INCREMENT COMMENT '记账ID',
  `bill_money` varchar(20) DEFAULT NULL COMMENT '账单金额',
  `classify_id` int DEFAULT NULL COMMENT '分类ID',
  `classify_name` varchar(20) DEFAULT NULL COMMENT '分类名称',
  `classify_type` varchar(1) DEFAULT NULL COMMENT '支付类型 (0-支出，1-收入)',
  `user_id` varchar(20) DEFAULT NULL COMMENT '用户ID',
  `remark` varchar(255) DEFAULT NULL COMMENT '描述信息',
  `record_time` datetime DEFAULT NULL COMMENT '记账时间',
  `update_time` datetime DEFAULT NULL COMMENT '更新时间',
  PRIMARY KEY (`record_account_id`)
) ENGINE=InnoDB AUTO_INCREMENT=54 DEFAULT CHARSET=utf8mb4 COLLATE=utf8mb4_0900_ai_ci;

-- ----------------------------
--  Records of `record_account`
-- ----------------------------
BEGIN;
INSERT INTO `record_account` VALUES ('1', '500', '11', '人情', '0', '45', '陈飞 - 结婚 - 份子钱', '2021-10-01 14:42:07', '2021-10-01 14:42:07'), ('2', '700', '4', '住房', '0', '45', '房租', '2021-10-02 14:43:45', '2021-10-02 14:43:45'), ('3', '13', '1', '餐饮', '0', '45', '午餐 - 牛肉面', '2021-10-06 14:44:02', '2021-10-06 14:44:02'), ('4', '220', '13', '旅行', '0', '45', '和 李菲 去 黑排角', '2021-10-02 14:45:11', '2021-10-02 14:45:11'), ('5', '16.6', '1', '餐饮', '0', '45', '晚上 - 买菜', '2021-10-09 14:45:48', '2021-10-09 14:45:48'), ('6', '13', '1', '餐饮', '0', '45', '午餐 - 自选', '2021-10-09 14:46:10', '2021-10-09 14:46:10'), ('7', '3', '1', '餐饮', '0', '45', '早餐 - 酱香饼', '2021-10-09 14:46:10', '2021-10-09 14:46:10'), ('8', '20', '1', '餐饮', '0', '45', '晚餐 - 砂锅麻辣烫', '2021-10-08 14:46:44', '2021-10-08 14:46:44'), ('9', '16', '1', '餐饮', '0', '45', '午餐 - 麻辣香锅', '2021-10-08 14:46:44', '2021-10-08 14:46:44'), ('10', '13', '1', '餐饮', '0', '45', '午餐 - 牛肉面', '2021-10-07 14:47:32', '2021-10-07 14:47:32'), ('11', '5', '1', '餐饮', '0', '45', '晚上 - 柚子', '2021-10-06 14:48:04', '2021-10-06 14:48:04'), ('12', '47.69', '3', '购物', '0', '45', '凉粉粉 + 方便面', '2021-10-06 14:48:04', '2021-10-06 14:48:04'), ('13', '54.4', '1', '餐饮', '0', '45', '买菜', '2021-10-05 14:49:16', '2021-10-05 14:49:16'), ('14', '10', '1', '餐饮', '0', '45', '晚上 - 水果', '2021-10-04 14:49:58', '2021-10-04 14:49:58'), ('15', '40.91', '1', '餐饮', '0', '45', '下午 - 麻辣烫', '2021-10-04 14:49:58', '2021-10-04 14:49:58'), ('16', '5.8', '1', '餐饮', '0', '45', '火腿肠', '2021-10-04 14:49:58', '2021-10-04 14:49:58'), ('17', '37.5', '1', '餐饮', '0', '45', '旅行 花费', '2021-10-03 14:51:00', '2021-10-03 14:51:00'), ('18', '39.1', '1', '餐饮', '0', '45', '生活消费', '2021-10-02 14:53:12', '2021-10-02 14:53:12'), ('19', '28.5', '9', '通讯', '0', '45', '手机话费 充值', '2021-10-01 14:54:11', '2021-10-01 14:54:11'), ('20', '38.5', '1', '餐饮', '0', '45', '生活消费', '2021-10-01 14:54:11', '2021-10-01 14:54:11'), ('21', '30', '5', '交通', '0', '45', '深圳通 - 充值', '2021-10-05 14:57:49', '2021-10-05 14:57:49'), ('22', '26.85', '1', '餐饮', '0', '45', '晚上 - 买菜', '2021-10-10 08:05:04', '2021-10-10 08:05:04'), ('23', '13.8', '1', '餐饮', '0', '45', '午餐 - 麻辣香锅', '2021-10-11 08:05:30', '2021-10-11 08:05:30'), ('24', '13', '1', '餐饮', '0', '45', '晚餐 - 牛肉面', '2021-10-11 08:05:30', '2021-10-11 08:05:30'), ('25', '5', '1', '餐饮', '0', '45', '水果 - 柚子', '2021-10-11 08:05:30', '2021-10-11 08:05:30'), ('26', '14.7', '1', '餐饮', '0', '45', '午餐 - 麻辣香锅', '2021-10-12 07:36:06', '2021-10-12 07:36:06'), ('27', '5', '1', '餐饮', '0', '45', '晚上 - 水果', '2021-10-12 07:36:06', '2021-10-12 07:36:06'), ('28', '13.3', '1', '餐饮', '0', '45', '午餐 - 麻辣香锅', '2021-10-13 07:36:49', '2021-10-13 07:36:49'), ('29', '23.6', '1', '餐饮', '0', '45', '晚上 - 买菜', '2021-10-13 07:36:49', '2021-10-13 07:36:49'), ('30', '5.88', '7', '文教', '0', '45', '架构师 - 课程', '2021-10-13 07:36:49', '2021-10-13 07:36:49'), ('31', '13', '1', '餐饮', '0', '45', '午餐 - 牛肉面', '2021-10-14 07:36:49', '2021-10-14 07:36:49'), ('32', '18.9', '1', '餐饮', '0', '45', '晚上', '2021-10-14 07:38:56', '2021-10-14 07:38:56'), ('33', '18', '5', '交通', '0', '45', '小黄车 - 套餐', '2021-10-12 07:43:29', '2021-10-12 07:43:29'), ('34', '56.8', '7', '文教', '0', '45', '购买开课吧课程', '2021-10-15 07:54:30', '2021-10-15 07:54:30'), ('35', '13', '1', '餐饮', '0', '45', '午餐 - 牛肉面', '2021-10-15 07:54:30', '2021-10-15 07:54:30'), ('36', '17.6', '1', '餐饮', '0', '45', '晚上 - 水果', '2021-10-15 07:54:30', '2021-10-15 07:54:30'), ('37', '15', '1', '餐饮', '0', '45', '买水 - 桶装', '2021-10-15 07:54:30', '2021-10-15 07:54:30'), ('38', '16', '1', '餐饮', '0', '45', '麻辣香锅', '2021-10-16 07:56:46', '2021-10-16 07:56:46'), ('39', '10.4', '1', '餐饮', '0', '45', '晚上 - 买菜', '2021-10-16 07:56:46', '2021-10-16 07:56:46'), ('40', '16', '11', '人情', '0', '45', '爸爸 - 邮寄衣服', '2021-10-17 07:57:38', '2021-10-17 07:57:38'), ('41', '158.94', '1', '餐饮', '0', '45', '带李菲 - 愿者上钩', '2021-10-17 07:58:11', '2021-10-17 07:58:11'), ('42', '13', '1', '餐饮', '0', '45', '午餐 - 麻辣香锅', '2021-10-18 07:58:39', '2021-10-18 07:58:39'), ('43', '17', '1', '餐饮', '0', '45', '晚上 - 买水消费', '2021-10-18 07:58:39', '2021-10-18 07:58:39'), ('44', '71.36', '3', '购物', '0', '45', '苹果充电器', '2021-10-19 07:59:29', '2021-10-19 07:59:29'), ('45', '15.77', '1', '餐饮', '0', '45', '午餐 - 麻辣香锅', '2021-10-19 07:59:29', '2021-10-19 07:59:29'), ('46', '12', '1', '餐饮', '0', '45', '晚上 - 牛肉面', '2021-10-19 07:59:29', '2021-10-19 07:59:29'), ('47', '15.97', '1', '餐饮', '0', '45', '午餐 - 麻辣香锅', '2021-10-20 08:00:52', '2021-10-20 08:00:52'), ('48', '11.5', '1', '餐饮', '0', '45', '晚上 - 买水', '2021-10-20 08:00:52', '2021-10-20 08:00:52'), ('49', '18460.5', '21', '薪资', '1', '45', '工资发放 ', '2021-10-15 08:06:41', '2021-10-15 08:06:41'), ('50', '15.97', '1', '餐饮', '0', '45', '午餐 - 麻辣香锅', '2021-10-21 11:52:02', '2021-10-21 11:52:02'), ('51', '13.1', '1', '餐饮', '0', '45', '晚上 - 买菜', '2021-10-21 11:52:02', '2021-10-21 11:52:02'), ('52', '19.78', '1', '餐饮', '0', '45', '午餐 - 麻辣香锅', '2021-10-22 11:53:25', '2021-10-22 11:53:25'), ('53', '30.3', '1', '餐饮', '0', '45', '晚上 - 买菜', '2021-10-22 11:53:25', '2021-10-22 11:53:25');
COMMIT;

SET FOREIGN_KEY_CHECKS = 1;
