/*
 Navicat Premium Data Transfer

 Source Server         : Linux - 本地
 Source Server Type    : MySQL
 Source Server Version : 80026
 Source Host           : 192.168.1.134
 Source Database       : record_account

 Target Server Type    : MySQL
 Target Server Version : 80026
 File Encoding         : utf-8

 Date: 02/28/2022 21:33:50 PM
*/

SET NAMES utf8mb4;
SET FOREIGN_KEY_CHECKS = 0;

-- ----------------------------
--  Table structure for `classify`
-- ----------------------------
DROP TABLE IF EXISTS `classify`;
CREATE TABLE `classify` (
  `classify_id` int NOT NULL AUTO_INCREMENT COMMENT '分类id',
  `classify_name` varchar(20) DEFAULT NULL COMMENT '分类名称',
  `type` varchar(1) DEFAULT NULL COMMENT '支付类型 (0-支出，1-收入)',
  `add_type` varchar(1) DEFAULT NULL COMMENT '分类类型 (0-预设，1-用户新增)',
  `icon_id` int DEFAULT NULL COMMENT '图标ID',
  `user_id` int DEFAULT NULL COMMENT '用户ID',
  `updat_time` timestamp NULL DEFAULT NULL COMMENT '更新时间',
  PRIMARY KEY (`classify_id`)
) ENGINE=InnoDB AUTO_INCREMENT=241 DEFAULT CHARSET=utf8mb3;

-- ----------------------------
--  Records of `classify`
-- ----------------------------
BEGIN;
INSERT INTO `classify` VALUES ('1', '餐饮', '0', '0', '1', null, '2021-01-21 05:10:22'), ('2', '零食烟酒', '0', '0', '2', null, '2021-01-21 05:10:22'), ('3', '购物', '0', '0', '3', null, '2021-01-21 05:10:22'), ('4', '住房', '0', '0', '4', null, '2021-01-21 05:10:22'), ('5', '交通', '0', '0', '5', null, '2021-01-21 05:10:22'), ('6', '娱乐', '0', '0', '6', null, '2021-01-21 05:10:22'), ('7', '文教', '0', '0', '7', null, '2021-01-21 05:10:22'), ('8', '汽车', '0', '0', '8', null, '2021-01-21 05:10:22'), ('9', '通讯', '0', '0', '9', null, '2021-01-21 05:10:22'), ('10', '育儿', '0', '0', '10', null, '2021-01-21 05:10:22'), ('11', '人情', '0', '0', '11', null, '2021-01-21 05:10:22'), ('12', '医疗', '0', '0', '12', null, '2021-01-21 05:10:22'), ('13', '旅行', '0', '0', '13', null, '2021-01-21 05:10:22'), ('14', '投资', '0', '0', '14', null, '2021-01-21 05:10:22'), ('15', '投资亏损', '0', '0', '15', null, '2021-01-21 05:10:22'), ('16', '借出', '0', '0', '16', null, '2021-01-21 05:10:22'), ('17', '还债', '0', '0', '17', null, '2021-01-21 05:10:22'), ('18', '利息支出', '0', '0', '18', null, '2021-01-21 05:10:22'), ('19', '其它', '0', '0', '19', null, '2021-01-21 05:10:22'), ('20', '设置', '0', '0', '20', null, '2021-01-21 05:10:22'), ('21', '薪资', '1', '0', '21', null, '2021-01-21 05:14:58'), ('22', '奖金', '1', '0', '22', null, '2021-01-21 05:14:58'), ('23', '借入', '1', '0', '23', null, '2021-01-21 05:14:58'), ('24', '收债', '1', '0', '24', null, '2021-01-21 05:14:58'), ('25', '利息收入', '1', '0', '25', null, '2021-01-21 05:14:58'), ('26', '投资回收', '1', '0', '26', null, '2021-01-21 05:14:58'), ('27', '投资收益', '1', '0', '27', null, '2021-01-21 05:14:58'), ('28', '报销收入', '1', '0', '28', null, '2021-01-21 05:14:58'), ('29', '退款', '1', '0', '29', null, '2021-01-21 05:14:58'), ('30', '意外所得', '1', '0', '30', null, '2021-01-21 05:14:58'), ('31', '其他收入', '1', '0', '31', null, '2021-01-21 05:14:58'), ('32', '设置', '1', '0', '32', null, '2021-01-21 05:14:58');
COMMIT;

-- ----------------------------
--  Table structure for `classify_user`
-- ----------------------------
DROP TABLE IF EXISTS `classify_user`;
CREATE TABLE `classify_user` (
  `classify_user_id` int NOT NULL AUTO_INCREMENT COMMENT 'id',
  `user_id` int DEFAULT NULL COMMENT '用户ID',
  `income_classify_ids` varchar(255) DEFAULT NULL COMMENT '收入分类ID集合  1,2,3,4,5,6...',
  `expense_classify_ids` varchar(255) DEFAULT NULL COMMENT '收入分类ID集合  1,2,3,4,5,6...',
  `update_time` datetime DEFAULT NULL COMMENT '更新时间',
  PRIMARY KEY (`classify_user_id`)
) ENGINE=InnoDB AUTO_INCREMENT=2 DEFAULT CHARSET=utf8mb4 COLLATE=utf8mb4_0900_ai_ci;

-- ----------------------------
--  Records of `classify_user`
-- ----------------------------
BEGIN;
INSERT INTO `classify_user` VALUES ('1', '45', '21,22,23,24,25,26,27,28,29,30,31,32', '1,2,3,4,5,6,7,8,9,10,11,12,13,14,15,16,17,18,19,20', '2021-03-17 12:58:01');
COMMIT;

-- ----------------------------
--  Table structure for `icon`
-- ----------------------------
DROP TABLE IF EXISTS `icon`;
CREATE TABLE `icon` (
  `icon_id` int NOT NULL AUTO_INCREMENT COMMENT '图标ID',
  `icon_name` varchar(20) DEFAULT NULL COMMENT '图标名称',
  `update_time` timestamp NULL DEFAULT NULL COMMENT '更新时间',
  PRIMARY KEY (`icon_id`)
) ENGINE=InnoDB AUTO_INCREMENT=55 DEFAULT CHARSET=utf8mb3;

-- ----------------------------
--  Records of `icon`
-- ----------------------------
BEGIN;
INSERT INTO `icon` VALUES ('1', 'canyin', '2021-03-16 03:52:43'), ('2', 'yanjiulingshi', '2021-03-16 03:52:44'), ('3', 'gouwu', '2021-03-16 03:47:47'), ('4', 'zhufang', '2021-03-16 03:47:47'), ('5', 'jiaotong', '2021-03-16 03:47:47'), ('6', 'yule', '2021-03-16 03:47:47'), ('7', 'wenjiao', '2021-03-16 03:47:47'), ('8', 'qiche', '2021-03-16 03:47:47'), ('9', 'tongxun', '2021-03-16 03:47:47'), ('10', 'yuer', '2021-03-16 03:47:47'), ('11', 'renqing', '2021-03-16 03:47:47'), ('12', 'yiliao', '2021-03-16 03:47:47'), ('13', 'lvxing', '2021-03-16 03:47:47'), ('14', 'touzi', '2021-03-16 03:47:47'), ('15', 'touzikuisun', '2021-03-16 03:47:47'), ('16', 'jiechu', '2021-03-16 03:47:47'), ('17', 'huanzhai', '2021-03-16 03:47:47'), ('18', 'lixizhichu', '2021-03-16 03:47:47'), ('19', 'qita', '2021-03-17 04:22:28'), ('20', 'shezhi-zhichu', '2021-03-17 04:22:28'), ('21', 'xinzi', '2021-03-17 04:22:28'), ('22', 'jiangjin', '2021-03-17 04:22:28'), ('23', 'jieru', '2021-03-17 04:22:28'), ('24', 'shouzhai', '2021-03-17 04:22:28'), ('25', 'lixishouru', '2021-03-17 04:22:28'), ('26', 'touzihuishou', '2021-03-17 04:22:28'), ('27', 'touzishouyi', '2021-03-17 04:22:28'), ('28', 'baoxiaoshouru', '2021-03-17 04:22:28'), ('29', 'tuikuan', '2021-03-17 04:22:28'), ('30', 'yiwaisuode', '2021-03-17 04:22:28'), ('31', 'qitashouru', '2021-03-17 04:22:28'), ('32', 'shezhi-zhichu', '2021-03-17 04:22:28');
COMMIT;

-- ----------------------------
--  Table structure for `record_account`
-- ----------------------------
DROP TABLE IF EXISTS `record_account`;
CREATE TABLE `record_account` (
  `record_account_id` int NOT NULL AUTO_INCREMENT COMMENT '记账ID',
  `bill_money` varchar(20) DEFAULT NULL COMMENT '账单金额',
  `classify_id` int DEFAULT NULL COMMENT '分类ID',
  `classify_name` varchar(20) DEFAULT NULL COMMENT '分类名称',
  `classify_type` varchar(1) DEFAULT NULL COMMENT '支付类型 (0-支出，1-收入)',
  `user_id` varchar(20) DEFAULT NULL COMMENT '用户ID',
  `remark` varchar(255) DEFAULT NULL COMMENT '描述信息',
  `record_time` datetime DEFAULT NULL COMMENT '记账时间',
  `update_time` datetime DEFAULT NULL COMMENT '更新时间',
  PRIMARY KEY (`record_account_id`)
) ENGINE=InnoDB AUTO_INCREMENT=347 DEFAULT CHARSET=utf8mb4 COLLATE=utf8mb4_0900_ai_ci;

-- ----------------------------
--  Records of `record_account`
-- ----------------------------
BEGIN;
INSERT INTO `record_account` VALUES ('1', '500', '11', '人情', '0', '45', '陈飞 - 结婚 - 份子钱', '2021-10-01 14:42:07', '2021-10-01 14:42:07'), ('2', '700', '4', '住房', '0', '45', '房租', '2021-10-02 14:43:45', '2021-10-02 14:43:45'), ('3', '13', '1', '餐饮', '0', '45', '午餐 - 牛肉面', '2021-10-06 14:44:02', '2021-10-06 14:44:02'), ('4', '220', '13', '旅行', '0', '45', '和 李菲 去 黑排角', '2021-10-02 14:45:11', '2021-10-02 14:45:11'), ('5', '16.6', '1', '餐饮', '0', '45', '晚上 - 买菜', '2021-10-09 14:45:48', '2021-10-09 14:45:48'), ('6', '13', '1', '餐饮', '0', '45', '午餐 - 自选', '2021-10-09 14:46:10', '2021-10-09 14:46:10'), ('7', '3', '1', '餐饮', '0', '45', '早餐 - 酱香饼', '2021-10-09 14:46:10', '2021-10-09 14:46:10'), ('8', '20', '1', '餐饮', '0', '45', '晚餐 - 砂锅麻辣烫', '2021-10-08 14:46:44', '2021-10-08 14:46:44'), ('9', '16', '1', '餐饮', '0', '45', '午餐 - 麻辣香锅', '2021-10-08 14:46:44', '2021-10-08 14:46:44'), ('10', '13', '1', '餐饮', '0', '45', '午餐 - 牛肉面', '2021-10-07 14:47:32', '2021-10-07 14:47:32'), ('11', '5', '1', '餐饮', '0', '45', '晚上 - 柚子', '2021-10-06 14:48:04', '2021-10-06 14:48:04'), ('12', '47.69', '3', '购物', '0', '45', '凉粉粉 + 方便面', '2021-10-06 14:48:04', '2021-10-06 14:48:04'), ('13', '54.4', '1', '餐饮', '0', '45', '买菜', '2021-10-05 14:49:16', '2021-10-05 14:49:16'), ('14', '10', '1', '餐饮', '0', '45', '晚上 - 水果', '2021-10-04 14:49:58', '2021-10-04 14:49:58'), ('15', '40.91', '1', '餐饮', '0', '45', '下午 - 麻辣烫', '2021-10-04 14:49:58', '2021-10-04 14:49:58'), ('16', '5.8', '1', '餐饮', '0', '45', '火腿肠', '2021-10-04 14:49:58', '2021-10-04 14:49:58'), ('17', '37.5', '1', '餐饮', '0', '45', '旅行 花费', '2021-10-03 14:51:00', '2021-10-03 14:51:00'), ('18', '39.1', '1', '餐饮', '0', '45', '生活消费', '2021-10-02 14:53:12', '2021-10-02 14:53:12'), ('19', '28.5', '9', '通讯', '0', '45', '手机话费 充值', '2021-10-01 14:54:11', '2021-10-01 14:54:11'), ('20', '38.5', '1', '餐饮', '0', '45', '生活消费', '2021-10-01 14:54:11', '2021-10-01 14:54:11'), ('21', '30', '5', '交通', '0', '45', '深圳通 - 充值', '2021-10-05 14:57:49', '2021-10-05 14:57:49'), ('22', '26.85', '1', '餐饮', '0', '45', '晚上 - 买菜', '2021-10-10 08:05:04', '2021-10-10 08:05:04'), ('23', '13.8', '1', '餐饮', '0', '45', '午餐 - 麻辣香锅', '2021-10-11 08:05:30', '2021-10-11 08:05:30'), ('24', '13', '1', '餐饮', '0', '45', '晚餐 - 牛肉面', '2021-10-11 08:05:30', '2021-10-11 08:05:30'), ('25', '5', '1', '餐饮', '0', '45', '水果 - 柚子', '2021-10-11 08:05:30', '2021-10-11 08:05:30'), ('26', '14.7', '1', '餐饮', '0', '45', '午餐 - 麻辣香锅', '2021-10-12 07:36:06', '2021-10-12 07:36:06'), ('27', '5', '1', '餐饮', '0', '45', '晚上 - 水果', '2021-10-12 07:36:06', '2021-10-12 07:36:06'), ('28', '13.3', '1', '餐饮', '0', '45', '午餐 - 麻辣香锅', '2021-10-13 07:36:49', '2021-10-13 07:36:49'), ('29', '23.6', '1', '餐饮', '0', '45', '晚上 - 买菜', '2021-10-13 07:36:49', '2021-10-13 07:36:49'), ('30', '5.88', '7', '文教', '0', '45', '架构师 - 课程', '2021-10-13 07:36:49', '2021-10-13 07:36:49'), ('31', '13', '1', '餐饮', '0', '45', '午餐 - 牛肉面', '2021-10-14 07:36:49', '2021-10-14 07:36:49'), ('32', '18.9', '1', '餐饮', '0', '45', '晚上', '2021-10-14 07:38:56', '2021-10-14 07:38:56'), ('33', '18', '5', '交通', '0', '45', '小黄车 - 套餐', '2021-10-12 07:43:29', '2021-10-12 07:43:29'), ('34', '56.8', '7', '文教', '0', '45', '购买开课吧课程', '2021-10-15 07:54:30', '2021-10-15 07:54:30'), ('35', '13', '1', '餐饮', '0', '45', '午餐 - 牛肉面', '2021-10-15 07:54:30', '2021-10-15 07:54:30'), ('36', '17.6', '1', '餐饮', '0', '45', '晚上 - 水果', '2021-10-15 07:54:30', '2021-10-15 07:54:30'), ('37', '15', '1', '餐饮', '0', '45', '买水 - 桶装', '2021-10-15 07:54:30', '2021-10-15 07:54:30'), ('38', '16', '1', '餐饮', '0', '45', '麻辣香锅', '2021-10-16 07:56:46', '2021-10-16 07:56:46'), ('39', '10.4', '1', '餐饮', '0', '45', '晚上 - 买菜', '2021-10-16 07:56:46', '2021-10-16 07:56:46'), ('40', '16', '11', '人情', '0', '45', '爸爸 - 邮寄衣服', '2021-10-17 07:57:38', '2021-10-17 07:57:38'), ('41', '158.94', '1', '餐饮', '0', '45', '带李菲 - 愿者上钩', '2021-10-17 07:58:11', '2021-10-17 07:58:11'), ('42', '13', '1', '餐饮', '0', '45', '午餐 - 麻辣香锅', '2021-10-18 07:58:39', '2021-10-18 07:58:39'), ('43', '17', '1', '餐饮', '0', '45', '晚上 - 买水消费', '2021-10-18 07:58:39', '2021-10-18 07:58:39'), ('44', '71.36', '3', '购物', '0', '45', '苹果充电器', '2021-10-19 07:59:29', '2021-10-19 07:59:29'), ('45', '15.77', '1', '餐饮', '0', '45', '午餐 - 麻辣香锅', '2021-10-19 07:59:29', '2021-10-19 07:59:29'), ('46', '12', '1', '餐饮', '0', '45', '晚上 - 牛肉面', '2021-10-19 07:59:29', '2021-10-19 07:59:29'), ('47', '15.97', '1', '餐饮', '0', '45', '午餐 - 麻辣香锅', '2021-10-20 08:00:52', '2021-10-20 08:00:52'), ('48', '11.5', '1', '餐饮', '0', '45', '晚上 - 买水', '2021-10-20 08:00:52', '2021-10-20 08:00:52'), ('49', '18460.5', '21', '薪资', '1', '45', '工资发放 ', '2021-10-15 08:06:41', '2021-10-15 08:06:41'), ('50', '15.97', '1', '餐饮', '0', '45', '午餐 - 麻辣香锅', '2021-10-21 11:52:02', '2021-10-21 11:52:02'), ('51', '13.1', '1', '餐饮', '0', '45', '晚上 - 买菜', '2021-10-21 11:52:02', '2021-10-21 11:52:02'), ('52', '19.78', '1', '餐饮', '0', '45', '午餐 - 麻辣香锅', '2021-10-22 11:53:25', '2021-10-22 11:53:25'), ('53', '30.3', '1', '餐饮', '0', '45', '晚上 - 买菜', '2021-10-22 11:53:25', '2021-10-22 11:53:25'), ('54', '20', '1', '餐饮', '0', '45', '淘宝 - 买米 ', '2021-10-23 13:33:14', '2021-10-23 13:33:14'), ('55', '38.2', '1', '餐饮', '0', '45', '下午 - 买菜', '2021-10-24 20:54:25', '2021-10-24 20:54:25'), ('56', '10.8', '1', '餐饮', '0', '45', '午餐', '2021-10-25 22:09:03', '2021-10-25 22:09:03'), ('57', '16.4', '1', '餐饮', '0', '45', '晚餐', '2021-10-25 22:09:03', '2021-10-25 22:09:03'), ('58', '13.4', '1', '餐饮', '0', '45', '水果', '2021-10-25 22:09:03', '2021-10-25 22:09:03'), ('60', '16.8', '1', '餐饮', '0', '45', '午餐 - 麻辣香锅', '2021-10-26 22:11:09', '2021-10-26 22:11:09'), ('61', '12.8', '1', '餐饮', '0', '45', '晚餐 - 麻辣香锅', '2021-10-26 22:11:09', '2021-10-26 22:11:09'), ('62', '16.8', '1', '餐饮', '0', '45', '晚上 - 水果', '2021-10-26 22:11:09', '2021-10-26 22:11:09'), ('65', '16', '1', '餐饮', '0', '45', '午餐 - 麻辣香锅', '2021-10-27 23:37:47', '2021-10-27 23:37:47'), ('66', '16.17', '2', '零食烟酒', '0', '45', '公司 - 购买零食', '2021-10-28 22:04:47', '2021-10-28 22:04:47'), ('67', '15.9', '1', '餐饮', '0', '45', '午餐 - 麻辣香锅', '2021-10-28 22:04:47', '2021-10-28 22:04:47'), ('68', '6.8', '3', '购物', '0', '45', '淘宝 - 月卡', '2021-10-28 22:04:47', '2021-10-28 22:04:47'), ('69', '13', '1', '餐饮', '0', '45', '午餐 - 牛肉面', '2021-10-29 22:06:06', '2021-10-29 22:06:06'), ('70', '21', '19', '其它', '0', '45', '配钥匙', '2021-10-29 22:06:06', '2021-10-29 22:06:06'), ('71', '20', '19', '其它', '0', '45', '剪头发', '2021-10-29 22:06:06', '2021-10-29 22:06:06'), ('72', '20', '1', '餐饮', '0', '45', '午餐 - 麻辣香锅', '2021-10-30 22:07:16', '2021-10-30 22:07:16'), ('73', '13.1', '1', '餐饮', '0', '45', '晚上 - 买菜', '2021-10-30 22:07:16', '2021-10-30 22:07:16'), ('74', '58', '3', '购物', '0', '45', '李菲 - 睡衣', '2021-10-30 07:25:41', '2021-10-30 07:25:41'), ('75', '57.6', '6', '娱乐', '0', '45', '电影', '2021-10-31 07:26:28', '2021-10-31 07:26:28'), ('76', '8.9', '3', '购物', '0', '45', '唇膏', '2021-10-31 07:26:28', '2021-10-31 07:26:28'), ('77', '4.9', '1', '餐饮', '0', '45', '晚上 - 水果', '2021-10-31 07:26:28', '2021-10-31 07:26:28'), ('78', '10', '1', '餐饮', '0', '45', '午餐', '2021-11-01 07:57:53', '2021-11-01 07:57:53'), ('79', '17.5', '1', '餐饮', '0', '45', '午餐 - 麻辣香锅', '2021-11-02 07:58:16', '2021-11-02 07:58:16'), ('80', '12', '1', '餐饮', '0', '45', '晚餐 - 麻辣香锅', '2021-11-02 07:58:16', '2021-11-02 07:58:16'), ('81', '615', '4', '住房', '0', '45', '房租', '2021-11-02 07:58:16', '2021-11-02 07:58:16'), ('82', '10', '6', '娱乐', '0', '45', '鲜花', '2021-11-02 07:58:16', '2021-11-02 07:58:16'), ('83', '13', '1', '餐饮', '0', '45', '牛肉面', '2021-11-03 07:59:27', '2021-11-03 07:59:27'), ('84', '18.5', '1', '餐饮', '0', '45', '晚上 - 买菜', '2021-11-03 07:59:27', '2021-11-03 07:59:27'), ('85', '18', '1', '餐饮', '0', '45', '午餐 - 麻辣香锅', '2021-11-04 22:58:48', '2021-11-04 22:58:48'), ('86', '10', '1', '餐饮', '0', '45', '晚上', '2021-11-04 22:58:48', '2021-11-04 22:58:48'), ('87', '660', '5', '交通', '0', '45', '自行车', '2021-11-04 22:58:48', '2021-11-04 22:58:48'), ('88', '15', '1', '餐饮', '0', '45', '晚上 - 麻辣香锅', '2021-11-05 20:56:58', '2021-11-05 20:56:58'), ('89', '49.3', '1', '餐饮', '0', '45', '晚上 - 买菜 第二天爬山梧桐山', '2021-11-05 20:57:39', '2021-11-05 20:57:39'), ('90', '25', '1', '餐饮', '0', '45', '午餐 - 麻辣烫', '2021-11-06 20:58:24', '2021-11-06 20:58:24'), ('91', '18.4', '1', '餐饮', '0', '45', '中午 - 买菜', '2021-11-07 20:58:46', '2021-11-07 20:58:46'), ('92', '27.7', '3', '购物', '0', '45', '牙膏', '2021-11-07 22:34:19', '2021-11-07 22:34:19'), ('93', '16', '1', '餐饮', '0', '45', '麻辣香锅', '2021-11-08 22:34:43', '2021-11-08 22:34:43'), ('94', '17.9', '1', '餐饮', '0', '45', '晚上', '2021-11-08 22:34:43', '2021-11-08 22:34:43'), ('95', '18', '3', '购物', '0', '45', '自行车锁', '2021-11-09 22:35:44', '2021-11-09 22:35:44'), ('96', '16', '1', '餐饮', '0', '45', '午餐 - 麻辣香锅', '2021-11-09 22:35:44', '2021-11-09 22:35:44'), ('97', '12.8', '1', '餐饮', '0', '45', '晚上 - 买菜', '2021-11-09 22:35:44', '2021-11-09 22:35:44'), ('98', '14', '1', '餐饮', '0', '45', '午餐 - 麻辣香锅', '2021-11-10 22:55:46', '2021-11-10 22:55:46'), ('99', '5', '1', '餐饮', '0', '45', '晚上 - 酱香饼', '2021-11-10 22:55:46', '2021-11-10 22:55:46'), ('100', '343.44', '3', '购物', '0', '45', '淘宝 - 购买衣服', '2021-11-11 22:56:46', '2021-11-11 22:56:46'), ('101', '17.6', '1', '餐饮', '0', '45', '午餐 - 麻辣香锅', '2021-11-11 22:56:46', '2021-11-11 22:56:46'), ('102', '17.6', '1', '餐饮', '0', '45', '午餐 - 麻辣香锅', '2021-11-12 22:58:08', '2021-11-12 22:58:08'), ('103', '84', '1', '餐饮', '0', '45', '晚上 - 烧烤', '2021-11-12 22:58:08', '2021-11-12 22:58:08'), ('104', '15', '1', '餐饮', '0', '45', '午餐', '2021-11-13 22:58:53', '2021-11-13 22:58:53'), ('105', '9.9', '1', '餐饮', '0', '45', '糖炒板栗', '2021-11-13 22:58:53', '2021-11-13 22:58:53'), ('106', '39.8', '11', '人情', '0', '45', '水果 - 菠萝蜜', '2021-11-13 22:58:53', '2021-11-13 22:58:53'), ('107', '27.9', '1', '餐饮', '0', '45', '昨天 - 买菜', '2021-11-14 07:59:58', '2021-11-14 07:59:58'), ('108', '16.5', '1', '餐饮', '0', '45', '晚上 - 买菜', '2021-11-14 07:59:58', '2021-11-14 07:59:58'), ('109', '15.8', '1', '餐饮', '0', '45', '午餐 - 麻辣香锅', '2021-11-15 08:00:28', '2021-11-15 08:00:28'), ('110', '38.61', '1', '餐饮', '0', '45', '晚上 -  绝味鸭脖', '2021-11-15 08:00:28', '2021-11-15 08:00:28'), ('111', '16', '1', '餐饮', '0', '45', '午餐 - 麻辣香锅', '2021-11-16 08:01:31', '2021-11-16 08:01:31'), ('112', '17.3', '1', '餐饮', '0', '45', '晚上 - 买菜', '2021-11-16 08:01:31', '2021-11-16 08:01:31'), ('113', '73', '11', '人情', '0', '45', '给妈妈 - 买零食', '2021-11-17 08:02:11', '2021-11-17 08:02:11'), ('114', '17.8', '1', '餐饮', '0', '45', '午餐 - 麻辣香锅', '2021-11-17 08:02:11', '2021-11-17 08:02:11'), ('115', '30', '3', '购物', '0', '45', '购买 卤料 + 藕', '2021-11-17 08:03:51', '2021-11-17 08:03:51'), ('116', '18356.59', '21', '薪资', '1', '45', '中软 - 工资', '2021-11-15 23:07:28', '2021-11-15 23:07:28'), ('117', '3.5', '1', '餐饮', '0', '45', '早餐 - 酱香饼', '2021-11-18 17:41:25', '2021-11-18 17:41:25'), ('118', '18', '1', '餐饮', '0', '45', '午餐 - 麻辣香锅', '2021-11-18 17:41:25', '2021-11-18 17:41:25'), ('119', '20', '1', '餐饮', '0', '45', '晚上 - 买菜', '2021-11-18 17:41:25', '2021-11-18 17:41:25'), ('120', '18', '1', '餐饮', '0', '45', '午餐 - 麻辣香锅', '2021-11-19 17:42:14', '2021-11-19 17:42:14'), ('121', '27.2', '1', '餐饮', '0', '45', '晚上 - 买菜', '2021-11-19 17:42:14', '2021-11-19 17:42:14'), ('122', '10', '1', '餐饮', '0', '45', '早餐', '2021-11-20 17:43:01', '2021-11-20 17:43:01'), ('123', '40', '1', '餐饮', '0', '45', '晚上 - 买菜', '2021-11-20 17:43:01', '2021-11-20 17:43:01'), ('124', '3', '1', '餐饮', '0', '45', '早餐', '2021-11-21 17:43:44', '2021-11-21 17:43:44'), ('125', '50', '1', '餐饮', '0', '45', '午餐 - 罗湖 - 吃面', '2021-11-21 17:43:44', '2021-11-21 17:43:44'), ('126', '32.5', '1', '餐饮', '0', '45', '下午 - 买菜 ', '2021-11-21 17:43:44', '2021-11-21 17:43:44'), ('127', '17', '5', '交通', '0', '45', '打车 - 去医院', '2021-11-20 17:44:31', '2021-11-20 17:44:31'), ('128', '20', '1', '餐饮', '0', '45', '午餐 - 麻辣香锅', '2021-11-22 21:51:04', '2021-11-24 21:51:04'), ('129', '18.3', '1', '餐饮', '0', '45', '晚餐 - 买菜', '2021-11-22 21:53:09', '2021-11-22 21:53:09'), ('130', '46.7', '3', '购物', '0', '45', '牙膏', '2021-11-22 21:54:34', '2021-11-23 21:54:34'), ('131', '28', '3', '购物', '0', '45', '漱口水', '2021-11-22 21:55:31', '2021-11-22 21:55:31'), ('132', '25.9', '1', '餐饮', '0', '45', '晚上 - 买菜', '2021-11-23 21:56:47', '2021-11-23 21:56:47'), ('133', '10', '1', '餐饮', '0', '45', '晚上', '2021-11-23 21:56:47', '2021-11-23 21:56:47'), ('134', '14.3', '1', '餐饮', '0', '45', '中午 - 买菜', '2021-11-24 21:56:47', '2021-11-23 21:56:47'), ('135', '16.6', '1', '餐饮', '0', '45', '午餐 麻辣香锅', '2021-11-25 10:08:46', '2021-11-25 10:08:46'), ('136', '43.8', '3', '购物', '0', '45', '食用油', '2021-11-26 10:09:19', '2021-11-26 10:09:19'), ('137', '13.3', '1', '餐饮', '0', '45', '晚上 买菜', '2021-11-26 10:09:19', '2021-11-26 10:09:19'), ('138', '4', '1', '餐饮', '0', '45', '早餐', '2021-11-27 10:10:18', '2021-11-27 10:10:18'), ('139', '21.5', '1', '餐饮', '0', '45', '午餐 - 麻辣香锅', '2021-11-27 10:10:18', '2021-11-27 10:10:18'), ('140', '15', '1', '餐饮', '0', '45', '买水 - 矿泉水-桶装', '2021-11-28 07:46:45', '2021-11-28 07:46:45'), ('141', '19.6', '1', '餐饮', '0', '45', '晚上 - 买菜', '2021-11-28 07:46:45', '2021-11-28 07:46:45'), ('142', '10.5', '1', '餐饮', '0', '45', '瓜子', '2021-11-28 07:46:45', '2021-11-28 07:46:45'), ('143', '14.8', '1', '餐饮', '0', '45', '午餐 - 麻辣香锅', '2021-11-29 07:47:59', '2021-11-29 07:47:59'), ('144', '16', '1', '餐饮', '0', '45', '午餐 - 麻辣香锅', '2021-11-30 07:11:28', '2021-11-30 07:11:28'), ('145', '12', '1', '餐饮', '0', '45', '晚餐 - 自选', '2021-11-30 07:11:28', '2021-11-30 07:11:28'), ('146', '39.8', '1', '餐饮', '0', '45', '网购 - 大米', '2021-12-01 07:26:37', '2021-12-01 07:26:37'), ('147', '13', '1', '餐饮', '0', '45', '午餐 - 牛肉面', '2021-12-01 07:26:37', '2021-12-01 07:26:37'), ('148', '21.7', '1', '餐饮', '0', '45', '晚上 - 买菜', '2021-12-01 07:26:37', '2021-12-01 07:26:37'), ('149', '16', '1', '餐饮', '0', '45', '午餐 - 麻辣香锅', '2021-12-02 07:27:33', '2021-12-02 07:27:33'), ('150', '600', '4', '住房', '0', '45', '房租', '2021-12-02 07:27:33', '2021-12-02 07:27:33'), ('151', '12', '1', '餐饮', '0', '45', '晚上 - 麻辣香锅', '2021-12-02 07:27:33', '2021-12-02 07:27:33'), ('152', '13.8', '1', '餐饮', '0', '45', '午餐 - 麻辣香锅', '2021-12-03 07:28:14', '2021-12-03 07:28:14'), ('153', '15.15', '1', '餐饮', '0', '45', '晚上 - 买菜', '2021-12-03 07:28:14', '2021-12-03 07:28:14'), ('154', '150', '9', '通讯', '0', '45', '网费', '2021-12-04 07:28:56', '2021-12-04 07:28:56'), ('155', '50', '5', '交通', '0', '45', '深圳通', '2021-12-04 07:28:56', '2021-12-04 07:28:56'), ('156', '8.15', '1', '餐饮', '0', '45', '晚上 - 买板栗', '2021-12-04 07:28:56', '2021-12-04 07:28:56'), ('157', '15', '3', '购物', '0', '45', '开关 - 电棒', '2021-12-05 22:38:31', '2021-12-05 22:38:31'), ('158', '32.7', '1', '餐饮', '0', '45', '中午 - 买菜', '2021-12-05 22:38:31', '2021-12-05 22:38:31'), ('159', '11', '3', '购物', '0', '45', '点灯盒子', '2021-12-05 22:38:31', '2021-12-05 22:38:31'), ('160', '20', '19', '其它', '0', '45', '理发', '2021-12-05 22:38:31', '2021-12-05 22:38:31'), ('161', '14', '3', '购物', '0', '45', '鞋垫', '2021-12-06 22:41:03', '2021-12-06 22:41:03'), ('162', '16', '3', '购物', '0', '45', '袜子', '2021-12-06 22:41:03', '2021-12-06 22:41:03'), ('163', '14.05', '1', '餐饮', '0', '45', '午餐 - 麻辣香锅', '2021-12-06 22:41:03', '2021-12-06 22:41:03'), ('164', '13', '1', '餐饮', '0', '45', '午餐', '2021-12-07 22:42:07', '2021-12-07 22:42:07'), ('165', '10', '1', '餐饮', '0', '45', '晚上 - 买菜', '2021-12-07 22:42:07', '2021-12-07 22:42:07'), ('166', '20', '1', '餐饮', '0', '45', '午餐 - 快餐', '2021-12-08 22:42:35', '2021-12-08 22:42:35'), ('167', '50', '6', '娱乐', '0', '45', '避孕套', '2021-12-07 22:42:53', '2021-12-07 22:42:53'), ('168', '15.8', '1', '餐饮', '0', '45', '午餐 - 麻辣香锅', '2021-12-09 17:21:31', '2021-12-09 17:21:31'), ('169', '12', '1', '餐饮', '0', '45', '晚餐 - 麻辣香锅', '2021-12-09 17:21:31', '2021-12-09 17:21:31'), ('170', '44.98', '11', '人情', '0', '45', '家里买水果 - 橙子', '2021-12-10 17:22:01', '2021-12-10 17:22:01'), ('171', '25.6', '11', '人情', '0', '45', '家里 - 水果 - 板栗', '2021-12-10 17:22:01', '2021-12-10 17:22:01'), ('172', '17', '1', '餐饮', '0', '45', '午餐 - 麻辣香锅', '2021-12-10 17:22:01', '2021-12-10 17:22:01'), ('173', '39', '1', '餐饮', '0', '45', '晚上 - 买菜', '2021-12-10 17:22:01', '2021-12-10 17:22:01'), ('174', '18', '5', '交通', '0', '45', '打车 ', '2021-12-11 22:07:34', '2021-12-11 22:07:34'), ('175', '330', '3', '购物', '0', '45', '羽毛球拍', '2021-12-12 22:12:40', '2021-12-12 22:12:40'), ('176', '27.9', '1', '餐饮', '0', '45', '中午 - 买菜', '2021-12-12 22:12:40', '2021-12-12 22:12:40'), ('177', '327', '3', '购物', '0', '45', '买衣服 - 裤子', '2021-12-12 22:12:40', '2021-12-12 22:12:40'), ('178', '18', '1', '餐饮', '0', '45', '晚餐', '2021-12-12 22:12:40', '2021-12-12 22:12:40'), ('179', '30', '9', '通讯', '0', '45', '话费 - 充值', '2021-12-13 22:14:31', '2021-12-13 22:14:31'), ('180', '19', '1', '餐饮', '0', '45', '午餐 - 麻辣香锅', '2021-12-13 22:14:31', '2021-12-13 22:14:31'), ('181', '13', '1', '餐饮', '0', '45', '晚餐 - 麻辣香锅', '2021-12-13 22:14:31', '2021-12-13 22:14:31'), ('182', '12', '1', '餐饮', '0', '45', '午餐 - 麻辣香锅', '2021-12-14 22:15:26', '2021-12-14 22:15:26'), ('183', '11', '1', '餐饮', '0', '45', '晚上 - 买菜', '2021-12-14 22:15:26', '2021-12-14 22:15:26'), ('184', '10', '4', '住房', '0', '45', '燃气费', '2021-12-14 22:16:23', '2021-12-14 22:16:23'), ('185', '14', '1', '餐饮', '0', '45', '午餐 - 螺蛳粉', '2021-12-15 21:38:03', '2021-12-15 21:38:03'), ('186', '22.9', '1', '餐饮', '0', '45', '晚上 - 买菜', '2021-12-15 21:38:03', '2021-12-15 21:38:03'), ('187', '13.8', '1', '餐饮', '0', '45', '午餐 - 麻辣香锅', '2021-12-16 21:38:58', '2021-12-16 21:38:58'), ('188', '8.8', '1', '餐饮', '0', '45', '晚餐', '2021-12-16 21:38:58', '2021-12-16 21:38:58'), ('189', '10', '1', '餐饮', '0', '45', '午餐', '2021-12-17 21:39:38', '2021-12-17 21:39:38'), ('190', '9.7', '1', '餐饮', '0', '45', '晚上 - 买菜', '2021-12-17 21:39:38', '2021-12-17 21:39:38'), ('191', '18', '12', '医疗', '0', '45', '买药 - 牙根尖炎症', '2021-12-17 21:39:38', '2021-12-17 21:39:38'), ('192', '19', '1', '餐饮', '0', '45', '午餐', '2021-12-18 21:40:57', '2021-12-18 21:40:57'), ('193', '11.8', '1', '餐饮', '0', '45', '瓜子', '2021-12-19 21:41:14', '2021-12-19 21:41:14'), ('194', '19.7', '1', '餐饮', '0', '45', '晚餐', '2021-12-19 21:41:14', '2021-12-19 21:41:14'), ('195', '15.8', '1', '餐饮', '0', '45', '午餐 - 麻辣香锅', '2021-12-20 22:39:43', '2021-12-20 22:39:43'), ('196', '15.7', '1', '餐饮', '0', '45', '晚餐 - 买菜', '2021-12-20 22:39:43', '2021-12-20 22:39:43'), ('197', '18', '12', '医疗', '0', '45', '牙齿痛的药', '2021-12-20 22:39:43', '2021-12-20 22:39:43'), ('198', '14', '1', '餐饮', '0', '45', '午餐 - 麻辣香锅', '2021-12-21 22:40:46', '2021-12-21 22:40:46'), ('199', '35.3', '1', '餐饮', '0', '45', '晚上 - 买菜', '2021-12-21 22:40:46', '2021-12-21 22:40:46'), ('200', '15', '1', '餐饮', '0', '45', '买水 - 矿泉水', '2021-12-21 22:40:46', '2021-12-21 22:40:46'), ('201', '16', '1', '餐饮', '0', '45', '午餐', '2021-12-22 22:42:40', '2021-12-22 22:42:40'), ('202', '28.8', '1', '餐饮', '0', '45', '晚餐 - 麻辣香锅', '2021-12-22 22:42:40', '2021-12-22 22:42:40'), ('203', '100', '9', '通讯', '0', '45', '话费充值 - 17645097389', '2021-12-22 22:42:40', '2021-12-22 22:42:40'), ('204', '13', '1', '餐饮', '0', '45', '午餐 - 麻辣香锅', '2021-12-23 20:28:04', '2021-12-23 20:28:04'), ('205', '11.6', '1', '餐饮', '0', '45', '晚上 - 买菜', '2021-12-23 20:28:04', '2021-12-23 20:28:04'), ('206', '13', '1', '餐饮', '0', '45', '午餐 - 牛肉面', '2021-12-24 20:28:49', '2021-12-24 20:28:49'), ('207', '40.6', '1', '餐饮', '0', '45', '晚上 - 买水果 零食', '2021-12-24 20:28:49', '2021-12-24 20:28:49'), ('208', '16.8', '1', '餐饮', '0', '45', '午餐 - 麻辣香锅', '2021-12-25 20:30:40', '2021-12-25 20:30:40'), ('209', '25.5', '1', '餐饮', '0', '45', '晚上 - 买菜', '2021-12-25 20:30:40', '2021-12-25 20:30:40'), ('210', '15618.34', '21', '薪资', '1', '45', '中软 - 工资', '2021-12-15 20:33:29', '2021-12-15 20:33:29'), ('211', '6.8', '3', '购物', '0', '45', '扣除淘宝月费', '2021-12-27 23:36:41', '2021-12-27 23:36:41'), ('212', '14', '1', '餐饮', '0', '45', '午餐 - 麻辣香锅', '2021-12-27 23:36:41', '2021-12-27 23:36:41'), ('213', '10.4', '1', '餐饮', '0', '45', '晚上 - 快餐', '2021-12-27 23:36:41', '2021-12-27 23:36:41'), ('214', '14.6', '1', '餐饮', '0', '45', '晚上 - 水果', '2021-12-27 23:36:41', '2021-12-27 23:36:41'), ('215', '15.8', '1', '餐饮', '0', '45', '午餐 - 麻辣香锅', '2021-12-28 23:37:57', '2021-12-28 23:37:57'), ('216', '12', '1', '餐饮', '0', '45', '晚上 - 快餐', '2021-12-28 23:37:57', '2021-12-28 23:37:57'), ('217', '20', '4', '住房', '0', '45', '燃气费', '2021-12-29 07:24:08', '2021-12-29 07:24:08'), ('218', '20', '4', '住房', '0', '45', '燃气费', '2021-12-29 07:35:59', '2021-12-29 07:35:59'), ('219', '9.9', '3', '购物', '0', '45', '卫生纸', '2021-12-31 07:36:40', '2021-12-31 07:36:40'), ('220', '5.8', '1', '餐饮', '0', '45', '糖炒板栗', '2021-12-31 07:37:14', '2021-12-31 07:37:14'), ('221', '14.8', '1', '餐饮', '0', '45', '午餐 - 麻辣香锅', '2021-12-29 07:40:12', '2021-12-29 07:40:12'), ('222', '9.3', '1', '餐饮', '0', '45', '晚上 - 买菜', '2021-12-30 07:40:53', '2021-12-30 07:40:53'), ('223', '16', '1', '餐饮', '0', '45', '午餐 - 麻辣香锅', '2021-12-30 07:41:31', '2021-12-30 07:41:31'), ('224', '15', '1', '餐饮', '0', '45', '午餐 - 麻辣香锅', '2021-12-31 07:41:55', '2021-12-31 07:41:55'), ('225', '25.3', '1', '餐饮', '0', '45', '晚上 - 买糖', '2021-12-31 07:41:55', '2021-12-31 07:41:55'), ('226', '595', '4', '住房', '0', '45', '房租', '2022-01-01 07:43:04', '2022-01-01 07:43:04'), ('227', '17', '1', '餐饮', '0', '45', '午餐 - 麻辣香锅', '2022-01-01 07:43:04', '2022-01-01 07:43:04'), ('228', '21.5', '1', '餐饮', '0', '45', '晚上 - 买菜', '2022-01-02 07:43:50', '2022-01-02 07:43:50'), ('229', '6', '1', '餐饮', '0', '45', '甘蔗', '2022-01-02 07:43:50', '2022-01-02 07:43:50'), ('230', '14', '1', '餐饮', '0', '45', '午餐 - 炒菜', '2022-01-05 23:03:19', '2022-01-05 23:03:19'), ('231', '10', '1', '餐饮', '0', '45', '晚餐 - 快餐', '2022-01-05 23:03:19', '2022-01-05 23:03:19'), ('232', '7', '1', '餐饮', '0', '45', '水果', '2022-01-05 23:03:19', '2022-01-05 23:03:19'), ('233', '10', '1', '餐饮', '0', '45', '午餐 - 快餐', '2022-01-04 23:04:38', '2022-01-04 23:04:38'), ('234', '12', '1', '餐饮', '0', '45', '晚餐 - 快餐', '2022-01-04 23:04:38', '2022-01-04 23:04:38'), ('235', '13', '1', '餐饮', '0', '45', '午餐', '2022-01-03 23:05:22', '2022-01-03 23:05:22'), ('236', '145.2', '11', '人情', '0', '45', '团队 - 奶茶', '2022-01-03 23:05:22', '2022-01-03 23:05:22'), ('237', '14.7', '1', '餐饮', '0', '45', '晚上 - 买菜', '2022-01-03 23:06:44', '2022-01-03 23:06:44'), ('238', '13', '1', '餐饮', '0', '45', '午餐 - 快餐', '2022-01-06 21:15:27', '2022-01-06 21:15:27'), ('239', '85.72', '1', '餐饮', '0', '45', '零食 + 枸杞', '2022-01-06 21:15:27', '2022-01-06 21:15:27'), ('240', '6', '1', '餐饮', '0', '45', '零食 - 辣条', '2022-01-07 21:17:40', '2022-01-07 21:17:40'), ('241', '13', '1', '餐饮', '0', '45', '晚餐', '2022-01-07 21:17:40', '2022-01-07 21:17:40'), ('242', '18', '1', '餐饮', '0', '45', '晚餐', '2022-01-07 21:17:40', '2022-01-07 21:17:40'), ('243', '29', '1', '餐饮', '0', '45', '中午 - 买菜', '2022-01-08 21:19:02', '2022-01-08 21:19:02'), ('244', '18', '12', '医疗', '0', '45', '买药 - 牙痛药', '2022-01-10 21:19:36', '2022-01-10 21:19:36'), ('245', '12', '1', '餐饮', '0', '45', '午餐', '2022-01-10 21:19:36', '2022-01-10 21:19:36'), ('246', '60.38', '3', '购物', '0', '45', '枸杞 + 拖鞋', '2022-01-10 21:19:36', '2022-01-10 21:19:36'), ('247', '10', '3', '购物', '0', '45', '未知', '2022-01-11 21:21:12', '2022-01-11 21:21:12'), ('248', '9', '7', '文教', '0', '45', '三十年后 - 你那什么养活自己', '2022-01-11 21:21:12', '2022-01-11 21:21:12'), ('249', '36', '3', '购物', '0', '45', '白板  + 花椒油', '2022-01-11 21:21:12', '2022-01-11 21:21:12'), ('250', '13', '1', '餐饮', '0', '45', '午餐 - 麻辣香锅', '2022-01-12 21:23:13', '2022-01-12 21:23:13'), ('251', '16.8', '1', '餐饮', '0', '45', '午餐 - 麻辣香锅', '2022-01-13 21:23:39', '2022-01-13 21:23:39'), ('252', '2.5', '3', '购物', '0', '45', '未知', '2022-01-14 21:24:17', '2022-01-14 21:24:17'), ('253', '15', '1', '餐饮', '0', '45', '麻辣香锅', '2022-01-14 21:24:48', '2022-01-14 21:24:48'), ('254', '15.9', '1', '餐饮', '0', '45', '晚上 - 买菜', '2022-01-14 21:24:48', '2022-01-14 21:24:48'), ('255', '16', '1', '餐饮', '0', '45', '午餐 - 快餐', '2022-01-09 21:26:12', '2022-01-09 21:26:12'), ('256', '12', '1', '餐饮', '0', '45', '午餐 - 快餐', '2022-01-11 21:26:41', '2022-01-11 21:26:41'), ('257', '30', '1', '餐饮', '0', '45', '餐饮开销', '2022-01-15 21:32:31', '2022-01-15 21:32:31'), ('258', '110', '3', '购物', '0', '45', '钢化膜 + 手机壳', '2022-01-15 21:32:31', '2022-01-15 21:32:31'), ('259', '1080', '3', '购物', '0', '45', '购买Iphone13手机 - 第一期', '2022-01-15 21:32:31', '2022-01-15 21:32:31'), ('260', '25542.15', '21', '薪资', '1', '45', '工资：9月份(2天) + 10月份(4天)  加班工资', '2022-01-14 21:34:42', '2022-01-14 21:34:42'), ('261', '394', '3', '购物', '0', '45', '苹果X 屏幕总成', '2022-01-15 21:42:31', '2022-01-15 21:42:31'), ('262', '1000', '11', '人情', '0', '45', '转到家里 购买年货', '2022-01-14 21:43:33', '2022-01-14 21:43:33'), ('263', '344', '5', '交通', '0', '45', '高铁 - 火车票', '2022-01-07 08:11:36', '2022-01-07 08:11:36'), ('264', '10', '1', '餐饮', '0', '45', '午餐', '2022-01-16 08:13:22', '2022-01-16 08:13:22'), ('265', '5', '9', '通讯', '0', '45', '补办 手机卡', '2022-01-16 08:13:22', '2022-01-16 08:13:22'), ('266', '17.6', '1', '餐饮', '0', '45', '午餐 - 麻辣香锅', '2022-01-16 08:13:22', '2022-01-16 08:13:22'), ('267', '23', '1', '餐饮', '0', '45', '晚上  -  买菜', '2022-01-17 08:14:22', '2022-01-17 08:14:22'), ('268', '16', '1', '餐饮', '0', '45', '午餐', '2022-01-18 20:29:15', '2022-01-18 20:29:15'), ('269', '15', '1', '餐饮', '0', '45', '午餐 - 麻辣香锅', '2022-01-19 20:29:43', '2022-01-19 20:29:43'), ('270', '36', '7', '文教', '0', '45', '微淼 - 财商课', '2022-01-19 20:29:43', '2022-01-19 20:29:43'), ('271', '12', '1', '餐饮', '0', '45', '午餐', '2022-01-20 20:30:33', '2022-01-20 20:30:33'), ('272', '27.3', '1', '餐饮', '0', '45', '晚上 - 买菜', '2022-01-20 20:30:33', '2022-01-20 20:30:33'), ('273', '12', '1', '餐饮', '0', '45', '午餐', '2022-01-21 20:31:35', '2022-01-21 20:31:35'), ('274', '437', '5', '交通', '0', '45', '火车票 - 深圳 - 遵义', '2022-01-22 20:31:55', '2022-01-22 20:31:55'), ('275', '17.3', '1', '餐饮', '0', '45', '早餐', '2022-01-23 20:32:47', '2022-01-23 20:32:47'), ('276', '7.4', '1', '餐饮', '0', '45', '下午  - 瓜子', '2022-01-23 20:32:47', '2022-01-23 20:32:47'), ('277', '973', '5', '交通', '0', '45', '遵义 - 深圳  火车票', '2022-01-22 20:34:30', '2022-01-22 20:34:30'), ('278', '18', '1', '餐饮', '0', '45', '晚上 - 买菜', '2022-01-23 07:42:05', '2022-01-23 07:42:05'), ('279', '15', '1', '餐饮', '0', '45', '午餐', '2022-01-24 23:45:11', '2022-01-24 23:45:11'), ('280', '281', '11', '人情', '0', '45', '马星云小孩衣服', '2022-01-24 23:45:11', '2022-01-24 23:45:11'), ('281', '13.9', '1', '餐饮', '0', '45', '水果 - 草莓', '2022-01-24 23:45:11', '2022-01-24 23:45:11'), ('282', '37.7', '1', '餐饮', '0', '45', '晚餐', '2022-01-24 23:45:11', '2022-01-24 23:45:11'), ('283', '14', '1', '餐饮', '0', '45', '午餐', '2022-01-25 23:47:45', '2022-01-25 23:47:45'), ('284', '190', '3', '购物', '0', '45', '行李箱', '2022-01-25 23:47:45', '2022-01-25 23:47:45'), ('285', '12', '1', '餐饮', '0', '45', '午餐', '2022-01-26 23:48:19', '2022-01-26 23:48:19'), ('286', '30.6', '1', '餐饮', '0', '45', '晚上 ', '2022-01-26 23:48:19', '2022-01-26 23:48:19'), ('287', '10', '1', '餐饮', '0', '45', '午餐', '2022-01-27 23:49:26', '2022-01-27 23:49:26'), ('288', '523', '4', '住房', '0', '45', '房租', '2022-01-28 23:49:50', '2022-01-28 23:49:50'), ('289', '15', '1', '餐饮', '0', '45', '午餐', '2022-01-28 23:49:50', '2022-01-28 23:49:50'), ('290', '22', '1', '餐饮', '0', '45', '晚上买菜', '2022-01-28 23:49:50', '2022-01-28 23:49:50'), ('291', '25', '6', '娱乐', '0', '45', '理发', '2022-01-28 23:49:50', '2022-01-28 23:49:50'), ('292', '532', '4', '住房', '0', '45', '房租', '2022-02-01 22:02:20', '2022-02-01 22:02:20'), ('293', '13', '1', '餐饮', '0', '45', '午餐 - 吃面', '2022-01-29 22:03:16', '2022-01-29 22:03:16'), ('294', '16', '1', '餐饮', '0', '45', '午餐 - 饺子', '2022-01-30 22:03:41', '2022-01-30 22:03:41'), ('295', '25.9', '1', '餐饮', '0', '45', '回家准备吃的东西', '2022-01-30 22:03:41', '2022-01-30 22:03:41'), ('296', '3000', '19', '其它', '0', '45', '过年消费', '2022-02-02 22:05:43', '2022-02-02 22:05:43'), ('297', '27.7', '1', '餐饮', '0', '45', '晚上 - 买菜', '2022-02-08 22:06:52', '2022-02-08 22:06:52'), ('298', '16', '1', '餐饮', '0', '45', '午餐 - 快餐', '2022-02-08 22:06:52', '2022-02-08 22:06:52'), ('299', '55', '3', '购物', '0', '45', '内裤', '2022-02-08 22:06:52', '2022-02-08 22:06:52'), ('300', '39.9', '6', '娱乐', '0', '45', '电影票', '2022-02-09 22:08:14', '2022-02-09 22:08:14'), ('301', '54.78', '3', '购物', '0', '45', '购买米', '2022-02-09 22:08:14', '2022-02-09 22:08:14'), ('302', '28.3', '1', '餐饮', '0', '45', '晚上 - 买菜', '2022-02-09 22:08:14', '2022-02-09 22:08:14'), ('303', '56', '3', '购物', '0', '45', '烧水壶', '2022-02-10 21:42:16', '2022-02-10 21:42:16'), ('304', '55', '3', '购物', '0', '45', '充电头', '2022-02-10 21:42:16', '2022-02-10 21:42:16'), ('305', '60', '3', '购物', '0', '45', '酱油', '2022-02-10 21:42:16', '2022-02-10 21:42:16'), ('306', '21', '1', '餐饮', '0', '45', '晚上 - 买菜', '2022-02-10 21:42:16', '2022-02-10 21:42:16'), ('307', '77.8', '1', '餐饮', '0', '45', '买菜', '2022-02-12 22:53:15', '2022-02-12 22:53:15'), ('308', '17', '1', '餐饮', '0', '45', '奶茶', '2022-02-13 22:53:41', '2022-02-13 22:53:41'), ('309', '34.2', '1', '餐饮', '0', '45', '零食', '2022-02-13 22:53:41', '2022-02-13 22:53:41'), ('310', '16.4', '1', '餐饮', '0', '45', '买菜', '2022-02-13 22:53:41', '2022-02-13 22:53:41'), ('311', '34', '1', '餐饮', '0', '45', '晚上 买菜', '2022-02-14 22:55:05', '2022-02-14 22:55:05'), ('312', '24', '6', '娱乐', '0', '45', '买花', '2022-02-14 22:55:05', '2022-02-14 22:55:05'), ('313', '11.6', '1', '餐饮', '0', '45', '晚上 买菜', '2022-02-15 22:55:45', '2022-02-15 22:55:45'), ('314', '19300', '21', '薪资', '1', '45', '工资', '2022-02-15 22:55:45', '2022-02-15 22:55:45'), ('315', '1000', '19', '其它', '0', '45', '二弟 车损', '2022-02-15 22:55:45', '2022-02-15 22:55:45'), ('316', '2000', '3', '购物', '0', '45', '家里 - 床被', '2022-02-15 22:55:45', '2022-02-15 22:55:45'), ('317', '30', '5', '交通', '0', '45', '深圳通', '2022-02-12 22:11:17', '2022-02-12 22:11:17'), ('318', '600', '11', '人情', '0', '45', '爸妈生活费', '2022-02-15 22:11:51', '2022-02-15 22:11:51'), ('319', '1080', '3', '购物', '0', '45', '手机', '2022-02-15 22:11:51', '2022-02-15 22:11:51'), ('320', '14', '1', '餐饮', '0', '45', '午餐', '2022-02-17 22:12:29', '2022-02-17 22:12:29'), ('321', '30', '1', '餐饮', '0', '45', '晚上 - 买菜', '2022-02-17 22:12:29', '2022-02-17 22:12:29'), ('322', '28.5', '11', '人情', '0', '45', '给家里购买方便面', '2022-02-18 14:05:28', '2022-02-18 14:05:28'), ('323', '5.9', '3', '购物', '0', '45', '零食', '2022-02-18 14:05:28', '2022-02-18 14:05:28'), ('324', '13', '1', '餐饮', '0', '45', '午餐 - 快餐', '2022-02-18 14:05:28', '2022-02-18 14:05:28'), ('325', '22.4', '1', '餐饮', '0', '45', '晚上 - 买菜', '2022-02-18 14:05:28', '2022-02-18 14:05:28'), ('326', '43.33', '1', '餐饮', '0', '45', '天虹 - 零食', '2022-02-19 09:08:05', '2022-02-19 09:08:05'), ('327', '24.79', '3', '购物', '0', '45', '牙膏', '2022-02-20 09:08:32', '2022-02-20 09:08:32'), ('328', '14', '1', '餐饮', '0', '45', '奶茶', '2022-02-26 07:17:07', '2022-02-26 07:17:07'), ('329', '24.1', '1', '餐饮', '0', '45', '晚上  - 买菜', '2022-02-20 08:00:13', '2022-02-20 08:00:13'), ('330', '14', '1', '餐饮', '0', '45', '午餐', '2022-02-21 08:00:45', '2022-02-21 08:00:45'), ('331', '23.9', '1', '餐饮', '0', '45', '零食', '2022-02-22 08:01:15', '2022-02-22 08:01:15'), ('332', '14.5', '1', '餐饮', '0', '45', '午餐', '2022-02-22 08:01:15', '2022-02-22 08:01:15'), ('333', '18.3', '1', '餐饮', '0', '45', '晚上 - 买菜', '2022-02-22 08:01:15', '2022-02-22 08:01:15'), ('334', '13', '1', '餐饮', '0', '45', '午餐', '2022-02-23 08:02:24', '2022-02-23 08:02:24'), ('335', '27.8', '1', '餐饮', '0', '45', '晚上 - 买菜', '2022-02-23 08:02:24', '2022-02-23 08:02:24'), ('336', '11', '1', '餐饮', '0', '45', '午餐', '2022-02-24 08:03:04', '2022-02-24 08:03:04'), ('337', '6.8', '3', '购物', '0', '45', '淘宝 - 会员', '2022-02-25 08:03:32', '2022-02-25 08:03:32'), ('338', '15', '1', '餐饮', '0', '45', '午餐', '2022-02-25 08:03:32', '2022-02-25 08:03:32'), ('339', '32.1', '1', '餐饮', '0', '45', '晚上 - 买菜', '2022-02-25 08:03:32', '2022-02-25 08:03:32'), ('340', '8', '1', '餐饮', '0', '45', '早餐 - 玉米', '2022-02-26 08:04:39', '2022-02-26 08:04:39'), ('341', '29.5', '1', '餐饮', '0', '45', '晚上 - 消费', '2022-02-26 08:04:39', '2022-02-26 08:04:39'), ('342', '510', '3', '购物', '0', '45', '华为 - 手表', '2022-02-23 08:06:02', '2022-02-23 08:06:02'), ('343', '12', '1', '餐饮', '0', '45', '早晨 - 玉米、水果', '2022-02-27 08:14:38', '2022-02-27 08:14:38'), ('344', '13.8', '3', '购物', '0', '45', '蟑螂药', '2022-02-27 08:14:38', '2022-02-27 08:14:38'), ('345', '7.5', '1', '餐饮', '0', '45', '橘子', '2022-02-27 08:14:38', '2022-02-27 08:14:38'), ('346', '26.8', '3', '购物', '0', '45', '平板手机壳', '2022-02-27 08:14:38', '2022-02-27 08:14:38');
COMMIT;

SET FOREIGN_KEY_CHECKS = 1;
